transaction_date,num_transactions,revenue
2023-01-01,22,137494.5
2023-01-02,11,103027.51
2023-01-03,10,27921.42
2023-01-04,21,274511.2
2023-01-05,15,34976.85
2023-01-06,24,183233.09
2023-01-07,20,178129.99
2023-01-08,14,39814.39
2023-01-09,18,110150.34
2023-01-10,18,51494.7
2023-01-11,10,37692.61
2023-01-12,7,43953.33
2023-01-13,22,317245.12
2023-01-14,16,67893.63
2023-01-15,7,19478.93
2023-01-16,10,32545.4
2023-01-17,14,93590.68
2023-01-18,18,63388.74
2023-01-19,8,31738.56
2023-01-20,13,131816.17
2023-01-21,7,78188.12
2023-01-22,17,234470.67
2023-01-23,13,237036.0
2023-01-24,14,199477.74
2023-01-25,19,176343.05
2023-01-26,17,32461.44
2023-01-27,15,78582.13
2023-01-28,14,92863.23
2023-01-29,14,270993.08
2023-01-30,12,51645.9
2023-01-31,7,49274.79
2023-02-01,16,57912.45
2023-02-02,17,118332.47
2023-02-03,18,385719.71
2023-02-04,12,25992.79
2023-02-05,5,76541.26
2023-02-06,12,169628.27
2023-02-07,17,75780.88
2023-02-08,20,337778.45
2023-02-09,10,111164.18
2023-02-10,18,203609.76
2023-02-11,18,121992.35
2023-02-12,21,126843.33
2023-02-13,14,143956.43
2023-02-14,14,109719.61
2023-02-15,18,190258.7
2023-02-16,22,158428.68
2023-02-17,12,76426.03
2023-02-18,8,21378.4
2023-02-19,12,145720.41
2023-02-20,9,38888.36
2023-02-21,19,213114.03
2023-02-22,13,137376.72
2023-02-23,15,141231.53
2023-02-24,16,75216.8
2023-02-25,21,268947.39
2023-02-26,13,112376.15
2023-02-27,14,276542.96
2023-02-28,15,36747.06
2023-03-01,7,50380.79
2023-03-02,23,144244.63
2023-03-03,16,63807.45
2023-03-04,17,96586.44
2023-03-05,5,41071.79
2023-03-06,11,54177.99
2023-03-07,12,78949.81
2023-03-08,15,66718.82
2023-03-09,12,50135.46
2023-03-10,15,70064.69
2023-03-11,17,120064.3
2023-03-12,9,119237.51
2023-03-13,13,154280.37
2023-03-14,12,123638.59
2023-03-15,7,35334.36
2023-03-16,16,184930.31
2023-03-17,11,60769.31
2023-03-18,16,38671.27
2023-03-19,13,156549.52
2023-03-20,14,167623.74
2023-03-21,18,138207.89
2023-03-22,19,350204.98
2023-03-23,11,21549.83
2023-03-24,19,312580.3
2023-03-25,15,113985.77
2023-03-26,16,159458.34
2023-03-27,16,37212.83
2023-03-28,17,325556.75
2023-03-29,15,38992.39
2023-03-30,9,88750.16
2023-03-31,14,67882.77
2023-04-01,12,71807.93
2023-04-02,17,116078.03
2023-04-03,21,353857.8
2023-04-04,17,164923.62
2023-04-05,14,201502.69
2023-04-06,17,74687.68
2023-04-07,11,110470.63
2023-04-08,9,79076.47
2023-04-09,14,255925.31
2023-04-10,16,94125.13
2023-04-11,7,59378.17
2023-04-12,13,265600.42
2023-04-13,15,205073.39
2023-04-14,6,45050.14
2023-04-15,12,149077.12
2023-04-16,16,237330.17
2023-04-17,16,200304.11
2023-04-18,10,67228.12
2023-04-19,17,122974.59
2023-04-20,19,164799.75
2023-04-21,10,64127.75
2023-04-22,18,293791.24
2023-04-23,20,138015.35
2023-04-24,13,185027.27
2023-04-25,20,247254.8
2023-04-26,13,248194.6
2023-04-27,12,56460.31
2023-04-28,18,160882.56
2023-04-29,18,174515.78
2023-04-30,14,59913.16
2023-05-01,10,160093.96
2023-05-02,15,146305.9
2023-05-03,11,190882.38
2023-05-04,10,55483.07
2023-05-05,6,46335.51
2023-05-06,11,45729.63
2023-05-07,20,305548.12
2023-05-08,19,171371.55
2023-05-09,12,169775.5
2023-05-10,13,53783.32
2023-05-11,13,29285.4
2023-05-12,13,86457.74
2023-05-13,9,45432.57
2023-05-14,16,85837.88
2023-05-15,14,39376.31
2023-05-16,13,179788.09
2023-05-17,14,96768.26
2023-05-18,13,33333.72
2023-05-19,11,96344.65
2023-05-20,18,97281.83
2023-05-21,13,230791.66
2023-05-22,15,203345.79
2023-05-23,16,251130.13
2023-05-24,19,102094.67
2023-05-25,13,205918.27
2023-05-26,13,40608.24
2023-05-27,17,313992.02
2023-05-28,19,78955.35
2023-05-29,16,204201.81
2023-05-30,7,34122.19
2023-05-31,14,271589.36
2023-06-01,14,118967.97
2023-06-02,17,196270.3
2023-06-03,16,209452.41
2023-06-04,12,259240.12
2023-06-05,8,11828.8
2023-06-06,10,59634.5
2023-06-07,15,65878.03
2023-06-08,13,115714.47
2023-06-09,10,212612.1
2023-06-10,12,77746.92
2023-06-11,21,79057.14
2023-06-12,12,132298.94
2023-06-13,16,191341.82
2023-06-14,10,274844.35
2023-06-15,11,146682.99
2023-06-16,16,191807.59
2023-06-17,18,252897.79
2023-06-18,9,44047.42
2023-06-19,10,129367.43
2023-06-20,16,95801.51
2023-06-21,15,123726.74
2023-06-22,18,125770.44
2023-06-23,15,374351.94
2023-06-24,18,113247.69
2023-06-25,10,28828.13
2023-06-26,6,26212.05
2023-06-27,11,130648.11
2023-06-28,13,91048.13
2023-06-29,16,45997.01
2023-06-30,16,143156.99
2023-07-01,20,141184.96
2023-07-02,16,129682.7
2023-07-03,12,287584.81
2023-07-04,13,83956.94
2023-07-05,12,64487.32
2023-07-06,10,29367.19
2023-07-07,12,86079.78
2023-07-08,16,136700.74
2023-07-09,15,112492.96
2023-07-10,12,41492.97
2023-07-11,11,76638.4
2023-07-12,19,71666.44
2023-07-13,9,238163.74
2023-07-14,11,27613.78
2023-07-15,11,71026.63
2023-07-16,8,50324.85
2023-07-17,14,269770.84
2023-07-18,12,68014.55
2023-07-19,13,87730.0
2023-07-20,19,164914.54
2023-07-21,12,255599.45
2023-07-22,10,284038.98
2023-07-23,13,125155.25
2023-07-24,14,70002.88
2023-07-25,16,265785.51
2023-07-26,17,169933.55
2023-07-27,15,90480.67
2023-07-28,18,231457.57
2023-07-29,11,130870.5
2023-07-30,20,88197.0
2023-07-31,11,112826.93
2023-08-01,15,68703.62
2023-08-02,12,65686.45
2023-08-03,18,227165.41
2023-08-04,16,393393.08
2023-08-05,18,124367.25
2023-08-06,9,31650.75
2023-08-07,14,141974.66
2023-08-08,13,106867.38
2023-08-09,10,61124.6
2023-08-10,15,70549.83
2023-08-11,13,181710.85
2023-08-12,19,199757.04
2023-08-13,15,172093.98
2023-08-14,18,77597.23
2023-08-15,13,26752.06
2023-08-16,12,21156.89
2023-08-17,12,30328.36
2023-08-18,17,103281.04
2023-08-19,17,96124.11
2023-08-20,18,49056.41
2023-08-21,11,106168.1
2023-08-22,16,212786.48
2023-08-23,19,190486.57
2023-08-24,16,172248.55
2023-08-25,22,344443.34
2023-08-26,11,179019.65
2023-08-27,11,117528.96
2023-08-28,15,245097.53
2023-08-29,17,71781.91
2023-08-30,14,76354.15
2023-08-31,10,46639.02
2023-09-01,12,108847.03
2023-09-02,10,243674.22
2023-09-03,11,231891.57
2023-09-04,16,63944.77
2023-09-05,13,163323.76
2023-09-06,14,256852.32
2023-09-07,11,165059.49
2023-09-08,14,115462.29
2023-09-09,13,68621.1
2023-09-10,13,178340.51
2023-09-11,17,123219.59
2023-09-12,16,114379.52
2023-09-13,10,43403.92
2023-09-14,12,128755.97
2023-09-15,14,105074.93
2023-09-16,9,73117.45
2023-09-17,14,133803.27
2023-09-18,16,93878.91
2023-09-19,22,204460.48
2023-09-20,11,292416.47
2023-09-21,17,92738.15
2023-09-22,18,184675.97
2023-09-23,20,146119.34
2023-09-24,12,97544.43
2023-09-25,16,160884.68
2023-09-26,9,115341.36
2023-09-27,10,257733.39
2023-09-28,17,295598.89
2023-09-29,11,106896.12
2023-09-30,8,49303.25
2023-10-01,18,117808.61
2023-10-02,15,221378.57
2023-10-03,6,16272.77
2023-10-04,9,253890.76
2023-10-05,11,52690.21
2023-10-06,16,65323.56
2023-10-07,13,284451.7
2023-10-08,16,71193.73
2023-10-09,12,83358.07
2023-10-10,13,67189.39
2023-10-11,12,156595.03
2023-10-12,18,72922.96
2023-10-13,13,100482.78
2023-10-14,15,133117.0
2023-10-15,18,377606.66
2023-10-16,14,161511.63
2023-10-17,12,37922.69
2023-10-18,16,100570.3
2023-10-19,22,124451.85
2023-10-20,13,156001.04
2023-10-21,14,77891.35
2023-10-22,24,156690.93
2023-10-23,10,65718.65
2023-10-24,14,162424.85
2023-10-25,15,84372.02
2023-10-26,10,122688.27
2023-10-27,17,122539.11
2023-10-28,16,103886.23
2023-10-29,14,320660.05
2023-10-30,12,128445.42
2023-10-31,10,282189.22
2023-11-01,12,94761.93
2023-11-02,12,210579.81
2023-11-03,15,117840.96
2023-11-04,18,154314.08
2023-11-05,5,59730.31
2023-11-06,19,108738.45
2023-11-07,12,101993.63
2023-11-08,11,91073.78
2023-11-09,19,92621.98
2023-11-10,7,21451.58
2023-11-11,8,224676.59
2023-11-12,8,44025.41
2023-11-13,8,19542.85
2023-11-14,15,47638.46
2023-11-15,13,213289.24
2023-11-16,18,155697.71
2023-11-17,17,309881.95
2023-11-18,16,216063.4
2023-11-19,11,32353.35
2023-11-20,21,117607.28
2023-11-21,21,104405.12
2023-11-22,12,126632.56
2023-11-23,22,136796.93
2023-11-24,19,56024.5
2023-11-25,19,247958.33
2023-11-26,10,100717.45
2023-11-27,21,217974.34
2023-11-28,10,373912.0
2023-11-29,15,121308.6
2023-11-30,20,428723.79
2023-12-01,14,130841.9
2023-12-02,19,174351.25
2023-12-03,11,36259.9
2023-12-04,16,102962.6
2023-12-05,20,324371.26
2023-12-06,14,186543.9
2023-12-07,10,50591.59
2023-12-08,10,82036.8
2023-12-09,17,39352.56
2023-12-10,20,127175.21
2023-12-11,10,74920.1
2023-12-12,23,136128.37
2023-12-13,16,85095.12
2023-12-14,10,68267.89
2023-12-15,18,56169.56
2023-12-16,12,32112.9
2023-12-17,19,219793.44
2023-12-18,6,135123.82
2023-12-19,18,75295.21
2023-12-20,10,125053.08
2023-12-21,12,262303.2
2023-12-22,8,22620.64
2023-12-23,12,270861.41
2023-12-24,9,70907.68
2023-12-25,11,73675.21
2023-12-26,12,33384.19
2023-12-27,16,60583.52
2023-12-28,10,86239.91
2023-12-29,15,244873.28
2023-12-30,14,80743.82
2023-12-31,19,116202.75
2024-01-01,14,136896.87
2024-01-02,11,71036.88
2024-01-03,12,80227.37
2024-01-04,10,71923.53
2024-01-05,18,280265.93
2024-01-06,19,287817.61
2024-01-07,14,268020.49
2024-01-08,20,294560.92
2024-01-09,7,11451.71
2024-01-10,15,127080.71
2024-01-11,11,24058.04
2024-01-12,12,95916.37
2024-01-13,13,57186.19
2024-01-14,10,80219.79
2024-01-15,20,401569.77
2024-01-16,15,291689.88
2024-01-17,11,132504.04
2024-01-18,15,222198.25
2024-01-19,11,132334.59
2024-01-20,12,84368.39
2024-01-21,10,49469.13
2024-01-22,20,194755.68
2024-01-23,13,306257.36
2024-01-24,10,112495.84
2024-01-25,12,56276.19
2024-01-26,19,107078.74
2024-01-27,8,68638.05
2024-01-28,10,310017.16
2024-01-29,13,166659.59
2024-01-30,16,95654.91
2024-01-31,18,121692.57
2024-02-01,14,75360.06
2024-02-02,19,307678.91
2024-02-03,21,198204.28
2024-02-04,12,33917.71
2024-02-05,16,108448.16
2024-02-06,11,20847.36
2024-02-07,21,135321.28
2024-02-08,14,35479.95
2024-02-09,8,19650.2
2024-02-10,14,85609.6
2024-02-11,10,30244.17
2024-02-12,17,96493.65
2024-02-13,14,294674.98
2024-02-14,17,129307.49
2024-02-15,16,185752.83
2024-02-16,9,29258.1
2024-02-17,13,87293.36
2024-02-18,8,54602.0
2024-02-19,23,176845.28
2024-02-20,18,143094.03
2024-02-21,12,198908.58
2024-02-22,13,250844.1
2024-02-23,15,121515.12
2024-02-24,13,46371.34
2024-02-25,9,230781.38
2024-02-26,9,58723.26
2024-02-27,10,303820.24
2024-02-28,16,38647.58
2024-02-29,17,58201.69
2024-03-01,10,20138.82
2024-03-02,14,70895.31
2024-03-03,20,201317.17
2024-03-04,16,75032.53
2024-03-05,14,137163.49
2024-03-06,12,121795.0
2024-03-07,10,45575.88
2024-03-08,19,104418.05
2024-03-09,15,237760.72
2024-03-10,13,70496.67
2024-03-11,17,113246.92
2024-03-12,22,209236.08
2024-03-13,12,114733.55
2024-03-14,10,37053.71
2024-03-15,14,393983.31
2024-03-16,15,150637.75
2024-03-17,19,385225.49
2024-03-18,18,230239.68
2024-03-19,17,208538.94
2024-03-20,14,133681.89
2024-03-21,12,162701.11
2024-03-22,14,102423.64
2024-03-23,10,206882.26
2024-03-24,20,455777.04
2024-03-25,8,60364.17
2024-03-26,15,115982.1
2024-03-27,23,326961.7
2024-03-28,9,24519.62
2024-03-29,12,120102.18
2024-03-30,14,274193.51
2024-03-31,9,242524.11
2024-04-01,11,68996.92
2024-04-02,13,223978.57
2024-04-03,14,108645.66
2024-04-04,19,392808.97
2024-04-05,25,98742.53
2024-04-06,11,256550.22
2024-04-07,17,117839.73
2024-04-08,14,122645.21
2024-04-09,16,121303.66
2024-04-10,15,257656.03
2024-04-11,13,443999.05
2024-04-12,13,227421.37
2024-04-13,16,101796.89
2024-04-14,13,134128.41
2024-04-15,17,171097.7
2024-04-16,16,66580.59
2024-04-17,19,124432.95
2024-04-18,10,113532.19
2024-04-19,17,76146.9
2024-04-20,13,134746.8
2024-04-21,9,34194.3
2024-04-22,14,75020.43
2024-04-23,10,72421.28
2024-04-24,14,128272.3
2024-04-25,12,117172.17
2024-04-26,17,229730.96
2024-04-27,14,231577.48
2024-04-28,12,68570.6
2024-04-29,19,61255.23
2024-04-30,16,121050.08
2024-05-01,18,195286.24
2024-05-02,24,436324.68
2024-05-03,17,128498.2
2024-05-04,17,97396.05
2024-05-05,15,107595.98
2024-05-06,16,183477.02
2024-05-07,9,132877.6
2024-05-08,12,38821.87
2024-05-09,16,131534.61
2024-05-10,17,165197.37
2024-05-11,11,26448.53
2024-05-12,16,378032.92
2024-05-13,16,166954.11
2024-05-14,16,105068.98
2024-05-15,13,152905.99
2024-05-16,15,148237.26
2024-05-17,14,76327.36
2024-05-18,15,106590.81
2024-05-19,20,126171.79
2024-05-20,14,81932.41
2024-05-21,16,87979.87
2024-05-22,18,233293.31
2024-05-23,18,47255.17
2024-05-24,11,76559.38
2024-05-25,7,194292.24
2024-05-26,14,69959.49
2024-05-27,12,57894.01
2024-05-28,8,39237.26
2024-05-29,13,250220.45
2024-05-30,17,144286.05
2024-05-31,8,22839.39
2024-06-01,17,132320.32
2024-06-02,10,216039.67
2024-06-03,15,339643.46
2024-06-04,8,21818.34
2024-06-05,19,326207.12
2024-06-06,13,147236.48
2024-06-07,16,98403.82
2024-06-08,9,65719.69
2024-06-09,12,75361.1
2024-06-10,8,14362.17
2024-06-11,12,134162.03
2024-06-12,11,33574.25
2024-06-13,11,439603.19
2024-06-14,15,58925.7
2024-06-15,20,193184.97
2024-06-16,15,280480.5
2024-06-17,19,98871.26
2024-06-18,10,118855.41
2024-06-19,17,241945.8
2024-06-20,16,71158.86
2024-06-21,14,143911.31
2024-06-22,19,155158.31
2024-06-23,9,146111.38
2024-06-24,11,62241.89
2024-06-25,19,362967.97
2024-06-26,14,261861.86
2024-06-27,16,233823.65
2024-06-28,9,43581.68
2024-06-29,10,88566.98
2024-06-30,12,188596.49
2024-07-01,12,57378.04
2024-07-02,13,36800.91
2024-07-03,13,214875.97
2024-07-04,15,143636.75
2024-07-05,18,154941.23
2024-07-06,19,78355.73
2024-07-07,16,130985.85
2024-07-08,18,150172.83
2024-07-09,6,69015.9
2024-07-10,10,96095.92
2024-07-11,17,57361.36
2024-07-12,10,284969.21
2024-07-13,12,56383.81
2024-07-14,9,61945.88
2024-07-15,13,135917.51
2024-07-16,13,33097.91
2024-07-17,18,265586.21
2024-07-18,14,140387.41
2024-07-19,16,67944.77
2024-07-20,17,96141.4
2024-07-21,12,192371.9
2024-07-22,10,77832.86
2024-07-23,12,95522.57
2024-07-24,11,126993.82
2024-07-25,8,224586.64
2024-07-26,11,39739.92
2024-07-27,11,94602.1
2024-07-28,18,120943.04
2024-07-29,18,157515.69
2024-07-30,11,76860.52
2024-07-31,17,126926.41
2024-08-01,12,61024.34
2024-08-02,12,305882.18
2024-08-03,9,32179.76
2024-08-04,14,136564.47
2024-08-05,9,124747.47
2024-08-06,11,41708.38
2024-08-07,13,94906.19
2024-08-08,23,145112.2
2024-08-09,18,146851.08
2024-08-10,19,112987.89
2024-08-11,17,166453.0
2024-08-12,15,185747.24
2024-08-13,21,92542.45
2024-08-14,16,219085.1
2024-08-15,12,80624.9
2024-08-16,14,283230.88
2024-08-17,19,124888.6
2024-08-18,7,55284.9
2024-08-19,13,50782.42
2024-08-20,14,326063.35
2024-08-21,14,204449.75
2024-08-22,11,27241.36
2024-08-23,18,82969.35
2024-08-24,21,254072.46
2024-08-25,14,73677.2
2024-08-26,15,132779.37
2024-08-27,9,44048.56
2024-08-28,23,89001.48
2024-08-29,14,43470.02
2024-08-30,15,222813.13
2024-08-31,16,109101.59
2024-09-01,12,73039.59
2024-09-02,14,50349.42
2024-09-03,12,104307.55
2024-09-04,12,74303.24
2024-09-05,18,90727.61
2024-09-06,18,118768.97
2024-09-07,16,156960.57
2024-09-08,8,23793.84
2024-09-09,22,198707.85
2024-09-10,13,77233.26
2024-09-11,25,160533.86
2024-09-12,17,226178.0
2024-09-13,15,115716.46
2024-09-14,9,40751.15
2024-09-15,11,51711.4
2024-09-16,20,63524.28
2024-09-17,11,356306.99
2024-09-18,16,114445.77
2024-09-19,26,120092.18
2024-09-20,12,66506.89
2024-09-21,14,143212.8
2024-09-22,19,98350.95
2024-09-23,13,165758.46
2024-09-24,10,110162.52
2024-09-25,13,49922.85
2024-09-26,15,156959.86
2024-09-27,8,43493.01
2024-09-28,13,144135.42
2024-09-29,12,53532.49
2024-09-30,18,356476.24
2024-10-01,13,166206.58
2024-10-02,16,126124.83
2024-10-03,12,75660.42
2024-10-04,12,49783.36
2024-10-05,10,34684.95
2024-10-06,19,111393.55
2024-10-07,9,99934.45
2024-10-08,13,119261.8
2024-10-09,9,13035.05
2024-10-10,10,44415.17
2024-10-11,9,93826.74
2024-10-12,16,423554.71
2024-10-13,8,52499.01
2024-10-14,16,210361.81
2024-10-15,14,35479.53
2024-10-16,19,59449.95
2024-10-17,17,117149.35
2024-10-18,17,150141.87
2024-10-19,18,63979.72
2024-10-20,14,35865.76
2024-10-21,7,45771.46
2024-10-22,9,59259.52
2024-10-23,9,60173.39
2024-10-24,18,333640.64
2024-10-25,15,109222.25
2024-10-26,8,35676.82
2024-10-27,18,195546.43
2024-10-28,12,25429.87
2024-10-29,16,208299.64
2024-10-30,6,13709.08
2024-10-31,16,247905.89
2024-11-01,19,219877.36
2024-11-02,14,92661.17
2024-11-03,16,282038.18
2024-11-04,19,150694.81
2024-11-05,15,70785.85
2024-11-06,19,140496.75
2024-11-07,13,77143.76
2024-11-08,13,235734.7
2024-11-09,13,118723.1
2024-11-10,16,353170.1
2024-11-11,25,189833.87
2024-11-12,16,116157.09
2024-11-13,13,147047.91
2024-11-14,19,152891.77
2024-11-15,10,87914.3
2024-11-16,15,51657.6
2024-11-17,8,46021.02
2024-11-18,17,196993.76
2024-11-19,19,258326.51
2024-11-20,14,178686.77
2024-11-21,16,31354.29
2024-11-22,10,93409.22
2024-11-23,13,148696.2
2024-11-24,17,437187.77
2024-11-25,13,88463.57
2024-11-26,16,90536.89
2024-11-27,11,247360.2
2024-11-28,8,46109.09
2024-11-29,14,190355.61
2024-11-30,9,59681.28
2024-12-01,16,134514.43
2024-12-02,12,242894.91
2024-12-03,17,44887.75
2024-12-04,11,20571.35
2024-12-05,15,323646.6
2024-12-06,18,114952.6
2024-12-07,21,288413.09
2024-12-08,16,46986.3
2024-12-09,11,54754.73
2024-12-10,22,188789.64
2024-12-11,21,406832.4
2024-12-12,20,113282.03
2024-12-13,17,207087.99
2024-12-14,25,162405.93
2024-12-15,15,277929.19
2024-12-16,10,60058.22
2024-12-17,12,32039.16
2024-12-18,13,72428.01
2024-12-19,13,42899.2
2024-12-20,15,80437.11
2024-12-21,10,48267.62
2024-12-22,11,97132.83
2024-12-23,6,14988.99
2024-12-24,17,168945.59
2024-12-25,9,38431.54
2024-12-26,18,56790.16
2024-12-27,10,30995.69
2024-12-28,15,72026.65
2024-12-29,16,80800.94
2024-12-30,13,77489.04
2024-12-31,17,149705.85
