year_month,month_name,revenue
2023-01,Jan-2023,3481433.31
2023-02,Feb-2023,3957625.16
2023-03,Mar-2023,3531619.16
2023-04,Apr-2023,4667454.09
2023-05,May-2023,4071964.88
2023-06,Jun-2023,4068479.83
2023-07,Jul-2023,4063242.43
2023-08,Aug-2023,4011895.26
2023-09,Sep-2023,4415363.15
2023-10,Oct-2023,4282245.41
2023-11,Nov-2023,4348336.37
2023-12,Dec-2023,3584842.07
2024-01,Jan-2024,4740322.55
2024-02,Feb-2024,3555896.69
2024-03,Mar-2024,5153602.4
2024-04,Apr-2024,4502315.18
2024-05,May-2024,4209496.4
2024-06,Jun-2024,4794695.66
2024-07,Jul-2024,3665890.07
2024-08,Aug-2024,4070291.07
2024-09,Sep-2024,3605963.48
2024-10,Oct-2024,3417443.6
2024-11,Nov-2024,4600010.5
2024-12,Dec-2024,3751385.54
