city,revenue,num_transactions
Visakhapatnam,6123915.84,537
Delhi,5745750.5,521
Chandigarh,5692301.5,526
Surat,5507959.44,531
Chennai,5296355.92,505
Nagpur,5126949.72,547
Kolkata,5105520.12,476
Pune,5023388.83,531
Patna,4866317.38,499
Bhopal,4834119.78,471
Guwahati,4768319.01,526
Kochi,4725050.13,515
Indore,4656241.9,541
Mumbai,4552302.53,557
Lucknow,4466409.7,529
Jaipur,4451621.85,487
Hyderabad,4441739.66,481
Bangalore,4364931.47,530
Ahmedabad,4100362.49,495
Coimbatore,4090724.42,487
Unknown,611532.07,51
